FP,MM,lnPvap,Method
456.5,307.2103,-7.43663,0
455.9,302.8706,-6.95085,0
456.4,305.924,-7.24223,0
458.4,307.9532,-7.49617,0